headline,clickbait
10 People You Don't Want To Mess With,1
I Got Hunted By The FBI,1
10 Real Life Giants You Won't Believe Exist,1
10 Real Life Giants You Won't Believe Exist,1
10 Mythical CREATURES That Actually Existed,1
Real Giants Caught On Camera!,1
10 Real Life GIANTS,1
15 Biggest Animals You Won't Believe Actually Exist!,1
I Went Over Speed House And My Brothers Pulled up.... Didnt Go So Well,1
Why Nobody Wants This Part of Africa,1
Overnight in the World's Loneliest House,1
THE WORST DAY EVER!!,1
Why Millennials Are Leaving Six-Figure Tech Jobs,1
30 BEST PRANKS AND FUNNY TRICKS FOR YOUR FRIENDS,1
"Cutting Peoples Earphones, Then Giving Them Airpods",1
BRENT AND I PRANK OUR MOM!!,1
"Last To Leave Circle Wins $500,000",1
The Scariest and Most Interesting Pranks in the World. You Must See Them!,1
this video will make you forget your name..,1
I Got My Girlfriend Pregnant?,1
DMing 100 YouTubers Asking For A Dare! (i regret this),1
"5 YouTubers That Got MAD AT VIEWERS! (SSundee, MrBeast, Preston, Jelly)",1
Meeting MrBeast In Person (Very Rude),1
MrBeast HATES Chandler after this..,1
my girlfriend forgot to end her stream..,1
"kid calls 911 for fun, goes very wrong..",1
he fell off then died..,1
he fell off then died..,1
Little Girl Goes To Heaven While Her Parents Watching (emotional),1
"My plane is going down, goodbye..",1
kid shoots dad after he takes PS5..,1
i shouldn't have let him do this..,1
real prison escape caught on camera..,1
they both died on this roller coaster..,1
"6 YouTubers WHO ALMOST DIED ON CAMERA! (MrBeast, KSI, Sidemen, Tfue)",1
I Tested WEIRD VIRAL Food Combinations... (TikTok Edition),1
"Among Us In Real Life, With ACTUAL Detectives... (Impostor IQ 999)",1
"Last To Open Their Eyes Wins $20,000 - Challenge",1
GIRLFRIEND Controls My Life For 24 HOURS! - Challenge,1
"Last To Stop Eating McDonalds Wins $10,000 - Challenge",1
This Video Will Accurately Guess Your Age..,1
kid gets caught stealing PS5.. (MUST WATCH),1
"5 SCARIEST THINGS YouTubers Caught On Camera! (DanTDM, Morgz, MrBeast, Guava Juice)",1
"6 YouTubers Who FORGOT THEY WERE RECORDING! (DanTDM, Crainer, Tfue, Pokimane, Morgz, FaZe H1ghSky1)",1
"POKEMON GO HACKS! TOP 5 BEST HACKS! (WALK ANYWHERE, CATCH MEWTWO, XP HACK +MORE!!) + GIVEAWAY!!",1
Only KIDS Can Hear This Sound..,1
My Ex Girlfriend Called Me... (We Picked up),1
Reacting to 2019 YouTube Rewind (THEY FINALLY PUT ME IN IT),1
42 HOLY GRAIL HACKS THAT WILL SAVE YOU A FORTUNE,1
22 SIMPLE LIFE HACKS FOR YOUR LIPS,1
18 BARBIE DOLL HACKS,1
23 LIFE HACKS FOR EMBARRASSING MOMENTS,1
15 UNBELIEVABLY EASY WATERMELON HACKS,1
BABYSITTING MINI JAKE PAUL!!! GONE WRONG...,1
9 Riddles Only People with High IQ Can Solve,1
THESE GLASSES CURED MY COLORBLINDNESS!,1
THIS LADY TRIED TO TAKE MY DOG!,1
SHARK ATTACK PRANK (WIFE FREAKOUT),1
I Flew To MrBeast's House & Knocked On His Door,1
SELF DRIVING TESLA IN DRIVE THRU PRANK (FREAKOUTS),1
PREGNANT SEX PRANK!,1
Something Scary Happened To Her Sister....,1
Touch My Body Challenge!,1
Faces REVEALED for ALL Fortnite Battlepass skins! (Season 1 - 11),1
Surprising Lox With MrBeast.. (Real Life),1
GHOST HUNTING in GTA 5! (DO NOT Play at 3:OOam),1
Hunting MYSTERIOUS CREATURES in GTA 5!,1
HE CAUGHT US...,1
SHE ALMOST FELL OFF THE ROLLER COASTER! - GONE WRONG,1
I WAS POSSESSED (ACTUAL FOOTAGE),1
Creepy Tik Toks You Should NOT Watch At Night,1
SURPRISING ALISSA VIOLET!!,1
UNIQUE THINGS You Have to SEE TO BELIEVE,1
As promised... 1 MILLION SUBSCRIBER SPECIAL,1
You won't believe these CRAZY SIGHTINGS! (Can't Unsee This),1
CRAZY Roller Coasters YOU WONT BELIEVE EXIST !,1
LUCKY PEOPLE Who Avoided VERY CLOSE CALLS,1
Funniest Twitch LIVE STREAM Fails Ever !,1
The FASTEST WORKERS in the World !,1
10 Athletes Who Were Caught Cheating On Live TV,1
The Most Inappropriate Messages in Kids Shows,1
10 Actors Who Turned Into Monsters,1
10 Cute Kids Who Aged Horribly,1
Mysterious Cases Of Time Travel That Can't Be Explained,1
10 Cute Kids Who Aged Horribly,1
10 Most Epic Ways People Have Quit Their Job,1
Amazing Mind-Bending Optical Illusions,1
10 Shocking CONFESSIONS of UFC Octagon Girls,1
10 Hidden Pokemon Go SECRETS Finally Revealed!,1
10 Richest People Who Now Work Normal Jobs,1
CAUGHT GIRLFRIEND CHEATING IN THE ACT! (YOU WONT BELIEVE WHAT HAPPENS),1
she did this on live TV..,1
DONT PLAY GTA 5 AT 3:00 AM.. (scary),1
I've been Banned from Fortnite (I'm Sorry),1
DM'ing 100 TikTok Celebrities To See Who Would Reply (ft. Charli D'Amelio & Addison Rae),1
SHE IS PREGNANT!!,1
I Went Bald,1
"Last To Leave $800,000 Island Keeps It",1
I Spent 50 Hours In Solitary Confinement,1
I Spent 24 Hours Straight In Prison - Challenge,1
"Extreme $500,000 Game Of Tag!",1
APEX LEGENDS MAKES NO SENSE 3,0
Minecraft But Blocks Randomly Change When You Look At Them,0
I TOOK 10 PENALTIES AGAINST A PREMIER LEAGUE KEEPER,0
"Minecraft, But You Can Shear Any Block...",0
Turning cotton balls into cotton candy,0
Notre Dame vs. Florida State Condensed Game  2021 ACC Football,0
"Best Flipbook Wins $5,000 Challenge!  ZHC Crafts",0
World's Tallest Elephant Toothpaste Volcano (I FINALLY DID IT!!),0
"Food Theory M&Ms Melt In Your Hand, LIE To Your Face!",0
"BRYAN DANIELSON TALKS AEW AT ALL OUT 2021 DEBUT, WHY HE LEFT WWE, RELATIONSHIP W VINCE MCMAHON",0
Discord's You Laugh You Lose 4  YLYL,0
Clash Royale Enter the EXECUTIONER'S KITCHEN!  (New Season! Balance Changes!),0
Champagne Poetry,0
Real Things Said in Classrooms Pt. 26,0
BABY # 2 NAME REVEAL! (SUPER EMOTIONAL AND CUTE!),0
The Truth About Making Cartoons,0
Drake - CERTIFIED LOVER BOY First REACTIONREVIEW,0
Costa Rica vs. Mxico 0-1  Rumbo al Mundial  Telemundo Deportes,0
I thought this golf club was a HUGE GIMMICK but....,0
Notre Dame Fighting Irish at Florida State Seminoles  Full Game Highlights,0
Minecraft but Creepers beat the game for me,0
I Started a Secret Base War,0
Exclusive Images of deserted Kabul airport hours after US withdrawal  FRANCE 24 English,0
Drake ft. Future and Young Thug - Way 2 Sexy (Official Video),0
CG5 - Vibrant Eyes [Dream SMP original song],0
"ADAM COLE On His AEW ALL OUT 2021 DEBUT, MAKING HIS DECISION & MORE!",0
Qualifying Highlights  2021 Dutch Grand Prix,0
BIGGEST UPSET OF THE DECADE! 1v1 Basketball Against D'Vontay Friga,0
Rick and Morty  S5E9 Cold Open Morty Cleans Up Rick's Mess  adult swim,0
Did you know that for LORD OF WAR...,0
"Game Theory FNF, The Bob Mod SOLVED! (Friday Night Funkin)",0
All About Tha (BOOM!) Adam Cole AEW Entrance Theme  AEW Music,0
"Jhay Cortez, Anuel AA - Ley Seca (Official Video)",0
200 Days - [Minecraft with Tors],0
"Paul Heyman gives Roman Reigns a message from Brock Lesnar SmackDown, Sept. 3, 2021",0
Building a 5 Acre Pond! (Hurricane Update),0
Lil Duval - Sexy (Official Video) ft. Boosie Badazz,0
Race Highlights  2021 Dutch Grand Prix,0
Battlefield 2042 NEW Gameplay and Details!,0
"Minecraft, But Upside Down",0
Home surveillance video shows speed of Waverly flooding,0
WHO CAN PUNCH THE HARDEST IN AMP,0
Rick and Morty is Real.,0
Hermitcraft S8 My Mountain Isn't Big Enough For This...  Episode 9,0
I Built a REAL Chick-fil-A in my House!!!,0
Evolving The Biggest Army Possible To Win,0
I've been thinking of retiring.,0
Inside Japan's WORST Hotel Room  Feat. @CDawgVA,0
Can We Break Into a BANK SAFE With This WRECKING BALL,0
vegan eats MEAT for 24 hours...,0
Carlos Alcaraz vs Stefanos Tsitsipas Highlights  2021 US Open Round 3,0
Crucify But Everyone Sings It (Friday Night Funkin' Animation),0
The Wheel Of Time  Official Teaser Trailer  Prime Video,0
This Sphere is in Vanilla Minecraft,0
Mario Vs Luigi - Cartoon Beatbox Collabs,0
Full Cabin Tour  Before & After 1 Year of Renovations,0
DaBaby - Wockesha (Freestyle) [Official Video],0
The MOST INSANE TikTok Hacks,0
World's Largest Water Tunnel!,0
Destroying Friendships with the Minecraft Gravity Mod,0
JayDaYoungan - All Rise [Official Music Video],0
The Dogs Go On a RV CAMPING TRIP!,0
ABBA - I Still Have Faith In You,0
12 Types of Students in Every Computer Class,0
Yellowstone Season 4 Official Trailer  Paramount Network,0
Mocking up the interior (Rebuilding Tally Ho  EP105),0
I Got Hunted By 1000 Chickens!,0
Trying TikTok Computer Hacks...,0
The Sims 4 Spa Day Refresh Official Trailer,0
Unboxing Samsung's Mind Bending New Display...,0
INSANE MINECRAFT CHALLANGE - DRAWING SUBSCRIBERS EVERYDAY (DAY 33) #shorts,0
12 Minutes... HOW CAN I SAVE MY BABY IN TWELVE MINUTES,0
Big30 - Free Shiest Life ft. Pooh Shiesty (Official Video),0
I Googled Myself...,0
"Last To Leave Circle Wins $500,000",0
Speedrunning Cuphead is much harder than you think,0
ABBA - Don't Shut Me Down (Lyric Video),0
OFFICIAL SCIENTIST Mod in Among Us,0
Daddy Yankee - MTELE AL PERREO (Official Video),0
Monstermax 1s New Replacement,0
"Big30 Talks About Memphis, Pooh Shiesty, Moneybagg Yo, Blrrrd Adlib, Yo Gotti, OTF, Debut Tape",0
Georgia Bulldogs vs. Clemson Tigers  Full Game Highlights,0
"100 People Decide Who Wins $30,000!",0
How To Win 1v2's,0
"Ohio State at Minnesota  C.J. Stroud Looks Good in Opener vs Gophers  Sept. 2, 2021  Highlights",0
Testing Level 100 Clickbait Minecraft Hacks!,0
Falling Into The Genshin Impact Hole,0
How To Beat The DEATH GAME In Funhouse,0
How to Master the Zandvoort F1 Track!  Nico Rosberg  Dutch GP 2021,0
Different types of Students during Lunch,0
Official Moving Day!,0
100 LEGO Mystery Buttons but Only One Lets You Escape... ft Unspeakable,0
El Salvador vs. USA Extended Highlights  CONCACAF World Cup Qualifying  CBS Sports Golazo,0
Drake - Fair Trade (Audio) ft. Travis Scott,0
Building an UNBREAKABLE TESSERACT CUBE!,0
Lanky Kong listens to DK Rap for the first time,0
Can We Become American Ninja Warriors (Daequan and Hamlinz),0
Why Anecdotes Trump Data,0
How Rickson Gracie Learned to Overcome Fear,0
